관리번호,도로명주소,지번주소,위도,경도,데이터기준일자
신사동-1,서울특별시 강남구 압구정로 165   (압구정동),서울특별시 강남구 압구정동 429 ,37.527181,127.0279637,2025-04-30
신사동-2,서울특별시 강남구 도산대로 135   (신사동),서울특별시 강남구 신사동 537-7 ,37.5179882,127.0231386,2025-04-30
신사동-3,"서울특별시 강남구 압구정로 113   (압구정동, 미성아파트)",서울특별시 강남구 압구정동 416 ,37.5229442,127.0195422,2025-04-30
신사동-4,서울특별시 강남구 강남대로 616   (신사동),서울특별시 강남구 신사동 501 ,37.5166425,127.0198552,2025-04-30
신사동-5,서울특별시 강남구 도산대로 173   (신사동),서울특별시 강남구 신사동 563-33 ,37.5200404,127.0278566,2025-04-30
신사동-6,"서울특별시 강남구 압구정로 151   (압구정동, 현대아파트)",서울특별시 강남구 압구정동 426 ,37.525186,127.0240649,2025-04-30
신사동-7,서울특별시 강남구 압구정로 127   (압구정동),서울특별시 강남구 압구정동 425 ,37.5243621,127.0224302,2025-04-30
신사동-8,서울특별시 강남구 선릉로 845   (신사동),서울특별시 강남구 신사동 664-6 ,37.5276436,127.040445,2025-04-30
신사동-9,서울특별시 강남구 압구정로 144   (신사동),서울특별시 강남구 신사동 574 ,37.5249578,127.0246026,2025-04-30
신사동-10,서울특별시 강남구 압구정로 114   (신사동),서울특별시 강남구 신사동 529-2 ,37.5232786,127.0213041,2025-04-30
신사동-11,서울특별시 강남구 압구정로 154   (신사동),서울특별시 강남구 신사동 575-1 ,37.5258363,127.0265422,2025-04-30
논현1동-1,서울특별시 강남구 봉은사로 179   (논현동),서울특별시 강남구 논현동 192-19 ,37.5074738,127.0335756,2025-04-30
논현1동-2,서울특별시 강남구 강남대로 556   (논현동),서울특별시 강남구 논현동 50-1 ,37.5113792,127.0216222,2025-04-30
논현1동-3,서울특별시 강남구 강남대로 606   (논현동),서울특별시 강남구 논현동 1 ,37.5159838,127.0201578,2025-04-30
논현1동-4,서울특별시 강남구 봉은사로 129   (논현동),서울특별시 강남구 논현동 203-1 ,37.5057003,127.027905,2025-04-30
논현1동-5,서울특별시 강남구 강남대로 476   (논현동),서울특별시 강남구 논현동 200-7 ,37.504874,127.0246882,2025-04-30
논현1동-6,서울특별시 강남구 강남대로 496   (논현동),서울특별시 강남구 논현동 165-5 ,37.5065123,127.0239113,2025-04-30
논현1동-7,서울특별시 강남구 강남대로 502   (논현동),서울특별시 강남구 논현동 165 ,37.5071655,127.0236938,2025-04-30
논현1동-8,서울특별시 강남구 강남대로 548   (논현동),서울특별시 강남구 논현동 120 ,37.5110846,127.0217858,2025-04-30
논현1동-9,서울특별시 강남구 논현로 641   (논현동),서울특별시 강남구 논현동 152-5 ,37.510815,127.0319743,2025-04-30
논현1동-10,서울특별시 강남구 강남대로 574   (논현동),서울특별시 강남구 논현동 19-7 ,37.5130969,127.020756,2025-04-30
논현1동-11,서울특별시 강남구 학동로 107   (논현동),서울특별시 강남구 논현동 51-6 ,37.5116656,127.0225089,2025-04-30
논현1동-12,서울특별시 강남구 강남대로 524   (논현동),서울특별시 강남구 논현동 143-15 ,37.5089612,127.0226787,2025-04-30
논현1동-13,서울특별시 강남구 논현로 667   (논현동),서울특별시 강남구 논현동 129-1 ,37.5136801,127.0306642,2025-04-30
논현2동-1,"서울특별시 강남구 언주로 604   (논현동, ACROHILLS논현)",서울특별시 강남구 논현동 276-1 ,37.5091902,127.0387841,2025-04-30
논현2동-2,서울특별시 강남구 도산대로 336   (논현동),서울특별시 강남구 논현동 94-26 ,37.5225819,127.0389707,2025-04-30
논현2동-3,서울특별시 강남구 언주로 702   (논현동),서울특별시 강남구 논현동 115-13 ,37.5157896,127.0357129,2025-04-30
논현2동-4,서울특별시 강남구 봉은사로 지하201   (논현동),서울특별시 강남구 논현동 279-165 ,37.5076168,127.0340066,2025-04-30
논현2동-5,서울특별시 강남구 언주로 652   (논현동),서울특별시 강남구 논현동 238 ,37.5150712,127.035725,2025-04-30
논현2동-6,서울특별시 강남구 선릉로 601   (논현동),서울특별시 강남구 논현동 278-8 ,37.5106371,127.04338,2025-04-30
논현2동-7,서울특별시 강남구 학동로 342   (논현동),서울특별시 강남구 논현동 241-8 ,37.5168439,127.0411915,2025-04-30
논현2동-8,서울특별시 강남구 언주로 631   (논현동),서울특별시 강남구 논현동 218-11 ,37.5128809,127.0351581,2025-04-30
논현2동-10,서울특별시 강남구 도산대로 240   (논현동),서울특별시 강남구 논현동 62-10 ,37.5211016,127.033622,2025-04-30
논현2동-11,서울특별시 강남구 언주로 738   (논현동),서울특별시 강남구 논현동 91 ,37.5213337,127.0342605,2025-04-30
논현2동-12,서울특별시 강남구 언주로 601   (논현동),서울특별시 강남구 논현동 237-11 ,37.5087495,127.0379485,2025-04-30
논현2동-13,서울특별시 강남구 선릉로 601   (논현동),서울특별시 강남구 논현동 278-24 ,37.5104987,127.0436024,2025-04-30
압구정동-1,서울특별시 강남구 압구정로 230   (신사동),서울특별시 강남구 신사동 617-3 ,37.5288732,127.0334216,2025-04-30
압구정동-2,서울특별시 강남구 압구정로 225   (압구정동),서울특별시 강남구 압구정동 471 ,37.5293954,127.0335852,2025-04-30
압구정동-3,서울특별시 강남구 도산대로 239   (신사동),서울특별시 강남구 신사동 629-24 ,37.5217001,127.0335377,2025-04-30
압구정동-4,"서울특별시 강남구 압구정로 201   (압구정동, 현대아파트)",서울특별시 강남구 압구정동 469-1 ,37.5274964,127.0286337,2025-04-30
압구정동-5,서울특별시 강남구 압구정로 407   (압구정동),서울특별시 강남구 압구정동 515 ,37.5280859,127.0409505,2025-04-30
압구정동-6,서울특별시 강남구 압구정로 343   (압구정동),서울특별시 강남구 압구정동 494 ,37.5281723,127.0406766,2025-04-30
압구정동-7,서울특별시 강남구 압구정로 343   (압구정동),서울특별시 강남구 압구정동 494 ,37.5280566,127.0406258,2025-04-30
압구정동-8,서울특별시 강남구 언주로 865   (신사동),서울특별시 강남구 신사동 618-4 ,37.5277408,127.0333519,2025-04-30
압구정동-9,서울특별시 강남구 언주로 866   (신사동),서울특별시 강남구 신사동 636-2 ,37.5276498,127.0337999,2025-04-30
압구정동-10,서울특별시 강남구 선릉로 801   (신사동),서울특별시 강남구 신사동 666-13 ,37.5234125,127.0389092,2025-04-30
압구정동-11,서울특별시 강남구 도산대로 301   (신사동),서울특별시 강남구 신사동 630-8 ,37.5218222,127.0339393,2025-04-30
압구정동-12,서울특별시 강남구 압구정로 407   (압구정동),서울특별시 강남구 압구정동 515 ,37.5279547,127.0410444,2025-04-30
압구정동-13, ,서울특별시 강남구 신사동 622-4 ,37.5259893,127.0331157,2025-04-30
압구정동-14,서울특별시 강남구 도산대로 203   (신사동),서울특별시 강남구 신사동 587-21 ,37.5201137,127.0283979,2025-04-30
압구정동-15, ,서울특별시 강남구 압구정동 128 ,37.5240435,127.0225654,2025-04-30
압구정동-16,서울특별시 강남구 도산대로 215   (신사동),서울특별시 강남구 신사동 587-12 ,37.5206421,127.0302132,2025-04-30
청담동-1, ,서울특별시 강남구 청담동 1 ,37.5228507,127.0394515,2025-04-30
청담동-2,서울특별시 강남구 도산대로 403   (청담동),서울특별시 강남구 청담동 86-1 ,37.5235665,127.039521,2025-04-30
청담동-3, ,서울특별시 강남구 청담동 48 ,37.5239999,127.0478017,2025-04-30
청담동-4,서울특별시 강남구 학동로 401   (청담동),서울특별시 강남구 청담동 41-2 ,37.517575,127.0414972,2025-04-30
청담동-5, ,서울특별시 강남구 청담동 40 ,37.5192776,127.0407977,2025-04-30
청담동-6,서울특별시 강남구 도산대로 419   (청담동),서울특별시 강남구 청담동 91-2 ,37.5237673,127.0416228,2025-04-30
청담동-7,서울특별시 강남구 도산대로 459   (청담동),서울특별시 강남구 청담동 98-8 ,37.5244019,127.0469101,2025-04-30
청담동-8,서울특별시 강남구 선릉로 846   (청담동),서울특별시 강남구 청담동 78 ,37.5275215,127.0407888,2025-04-30
삼성1동-1,서울특별시 강남구 봉은사로 503   (삼성동),서울특별시 강남구 삼성동 71-9 ,37.5133704,127.0535039,2025-04-30
삼성1동-2,서울특별시 강남구 테헤란로 517   (삼성동),서울특별시 강남구 삼성동 159-7 ,37.5082225,127.0594539,2025-04-30
삼성1동-4,서울특별시 강남구 봉은사로 502   (삼성동),서울특별시 강남구 삼성동 145 ,37.512926,127.0536945,2025-04-30
삼성1동-5,서울특별시 강남구 영동대로 648   (삼성동),서울특별시 강남구 삼성동 78 ,37.5200459,127.0575861,2025-04-30
삼성1동-6,서울특별시 강남구 봉은사로 543   (삼성동),서울특별시 강남구 삼성동 77-15 ,37.5142988,127.0594565,2025-04-30
삼성1동-7,서울특별시 강남구 봉은사로 531   (삼성동),서울특별시 강남구 삼성동 73-2 ,37.5139283,127.0571571,2025-04-30
삼성1동-8,서울특별시 강남구 삼성로 654   (삼성동),서울특별시 강남구 삼성동 52 ,37.5186887,127.0507115,2025-04-30
삼성1동-9,서울특별시 강남구 삼성로 550   (삼성동),서울특별시 강남구 삼성동 150-19 ,37.5107343,127.0547737,2025-04-30
삼성1동-10,서울특별시 강남구 테헤란로 501   (삼성동),서울특별시 강남구 삼성동 157-31 ,37.5071987,127.0568649,2025-04-30
삼성1동-11,서울특별시 강남구 테헤란로87길 22   (삼성동),서울특별시 강남구 삼성동 159-6 ,37.5094017,127.0588045,2025-04-30
삼성1동-12,서울특별시 강남구 봉은사로 524   (삼성동),서울특별시 강남구 삼성동 159 ,37.5136768,127.0579845,2025-04-30
삼성2동-1,서울특별시 강남구 테헤란로 447   (삼성동),서울특별시 강남구 삼성동 144-29 ,37.507039,127.056217,2025-04-30
삼성2동-2,서울특별시 강남구 봉은사로 404   (삼성동),서울특별시 강남구 삼성동 112-1 ,37.5101684,127.0441363,2025-04-30
삼성2동-3,서울특별시 강남구 선릉로 668   (삼성동),서울특별시 강남구 삼성동 8 ,37.5161662,127.0418021,2025-04-30
삼성2동-4,서울특별시 강남구 선릉로 602   (삼성동),서울특별시 강남구 삼성동 37-20 ,37.5105809,127.0439385,2025-04-30
삼성2동-5,"서울특별시 강남구 선릉로 660   (삼성동, 브라운스톤 레전드)",서울특별시 강남구 삼성동 8-2 ,37.5152948,127.0421734,2025-04-30
삼성2동-6,서울특별시 강남구 봉은사로 419   (삼성동),서울특별시 강남구 삼성동 38-34 ,37.5111042,127.0459762,2025-04-30
삼성2동-7,서울특별시 강남구 봉은사로 479   (삼성동),서울특별시 강남구 삼성동 51-2 ,37.5131135,127.0528789,2025-04-30
대치1동-1,서울특별시 강남구 삼성로 150-2    (대치동),서울특별시 강남구 대치동 508 ,37.4941793,127.0630699,2025-04-30
대치1동-2,서울특별시 강남구 남부순환로 2912   (대치동),서울특별시 강남구 대치동 500 ,37.4907994,127.0557499,2025-04-30
대치1동-3, ,서울특별시 강남구 대치동 404 ,37.4961554,127.0531767,2025-04-30
대치1동-4,서울특별시 강남구 남부순환로 2947   (대치동),서울특별시 강남구 대치동 599 ,37.4945952,127.0628897,2025-04-30
대치1동-5, ,서울특별시 강남구 대치동 670-1 ,37.4912489,127.0554901,2025-04-30
대치1동-6, ,서울특별시 강남구 대치동 500-3 ,37.492689,127.0597468,2025-04-30
대치1동-7,서울특별시 강남구 남부순환로 2917   (대치동),서울특별시 강남구 대치동 626 ,37.4929567,127.0593367,2025-04-30
대치1동-8,서울특별시 강남구 도곡로 444   (대치동),서울특별시 강남구 대치동 1021 ,37.4980795,127.059091,2025-04-30
대치1동-9,"서울특별시 강남구 삼성로 151   (대치동, 선경아파트)",서울특별시 강남구 대치동 506 ,37.4933275,127.0613721,2025-04-30
대치2동-1,"서울특별시 강남구 삼성로 212   (대치동, 은마아파트)",서울특별시 강남구 대치동 316 ,37.4948106,127.0633819,2025-04-30
대치2동-2,서울특별시 강남구 삼성로 156   (대치동),서울특별시 강남구 대치동 509 ,37.4943087,127.0636401,2025-04-30
대치2동-3,서울특별시 강남구 영동대로 202   (대치동),서울특별시 강남구 대치동 50-8 ,37.4971072,127.0704743,2025-04-30
대치2동-4,서울특별시 강남구 영동대로 217   (대치동),서울특별시 강남구 대치동 994-9 ,37.4981556,127.0684597,2025-04-30
대치2동-5,"서울특별시 강남구 삼성로 212   (대치동, 은마아파트)",서울특별시 강남구 대치동 316 ,37.4966263,127.0693025,2025-04-30
대치2동-6,서울특별시 강남구 도곡로 501   (대치동),서울특별시 강남구 대치동 988-14 ,37.499179,127.061105,2025-04-30
대치2동-7,서울특별시 강남구 영동대로 302   (대치동),서울특별시 강남구 대치동 1009-5 ,37.5013271,127.0677805,2025-04-30
대치2동-8,서울특별시 강남구 도곡로 531   (대치동),서울특별시 강남구 대치동 986-6 ,37.5001926,127.0645531,2025-04-30
대치2동-9,서울특별시 강남구 도곡로 532   (대치동),서울특별시 강남구 대치동 991-4 ,37.4998978,127.0646005,2025-04-30
대치2동-10,서울특별시 강남구 도곡로 511   (대치동),서울특별시 강남구 대치동 988-17 ,37.4995949,127.0623368,2025-04-30
대치2동-11,서울특별시 강남구 영동대로 301   (대치동),서울특별시 강남구 대치동 984-6 ,37.5010411,127.0668743,2025-04-30
대치2동-12,서울특별시 강남구 영동대로 237   (대치동),서울특별시 강남구 대치동 993-2 ,37.500657,127.0670509,2025-04-30
대치2동-13,서울특별시 강남구 남부순환로 지하3104   (대치동),서울특별시 강남구 대치동 513-4 ,37.496414,127.0704997,2025-04-30
대치2동-14,"서울특별시 강남구 삼성로 150   (대치동, 한보미도맨션)",서울특별시 강남구 대치동 511 ,37.4953117,127.0667982,2025-04-30
대치2동-15,"서울특별시 강남구 삼성로 150   (대치동, 한보미도맨션)",서울특별시 강남구 대치동 511 ,37.4953117,127.0667982,2025-04-30
대치2동-16,서울특별시 강남구 삼성로 334   (대치동),서울특별시 강남구 대치동 962-21 ,37.5015103,127.0597367,2025-04-30
대치4동-1,서울특별시 강남구 도곡로 401   (대치동),서울특별시 강남구 대치동 937 ,37.4966052,127.0530326,2025-04-30
대치4동-2,서울특별시 강남구 삼성로 301   (대치동),서울특별시 강남구 대치동 941-18 ,37.4990644,127.0605688,2025-04-30
대치4동-3,서울특별시 강남구 도곡로 405   (대치동),서울특별시 강남구 대치동 938-24 ,37.4970917,127.0547026,2025-04-30
대치4동-4,서울특별시 강남구 삼성로 401   (대치동),서울특별시 강남구 대치동 903-30 ,37.5031863,127.0583638,2025-04-30
대치4동-5,서울특별시 강남구 도곡로 441   (대치동),서울특별시 강남구 대치동 940-8 ,37.4983723,127.0586217,2025-04-30
대치4동-6,서울특별시 강남구 도곡로 443   (대치동),서울특별시 강남구 대치동 941-27 ,37.498478,127.0589247,2025-04-30
역삼1동-1,서울특별시 강남구 강남대로 368   (역삼동),서울특별시 강남구 역삼동 826-22 ,37.4956468,127.029023,2025-04-30
역삼1동-2,서울특별시 강남구 도곡로 193   (역삼동),서울특별시 강남구 역삼동 798-16 ,37.4925382,127.0405261,2025-04-30
역삼1동-3,서울특별시 강남구 강남대로 362   (역삼동),서울특별시 강남구 역삼동 826-20 ,37.4952373,127.0292127,2025-04-30
역삼1동-4,서울특별시 강남구 강남대로 334   (역삼동),서울특별시 강남구 역삼동 832 ,37.4929448,127.0303192,2025-04-30
역삼1동-5,서울특별시 강남구 강남대로 438   (역삼동),서울특별시 강남구 역삼동 814-6 ,37.5015299,127.0262292,2025-04-30
역삼1동-6,서울특별시 강남구 강남대로 302-2    (역삼동),서울특별시 강남구 역삼동 858 ,37.5010835,127.0264164,2025-04-30
역삼1동-7,서울특별시 강남구 강남대로 298   (역삼동),서울특별시 강남구 역삼동 838 ,37.4898285,127.0318467,2025-04-30
역삼1동-8,서울특별시 강남구 테헤란로 121   (역삼동),서울특별시 강남구 역삼동 648-26 ,37.4992914,127.0310936,2025-04-30
역삼1동-9,서울특별시 강남구 선릉로 577   (역삼동),서울특별시 강남구 역삼동 682-21 ,37.5100411,127.0436894,2025-04-30
역삼1동-10,서울특별시 강남구 테헤란로 152   (역삼동),서울특별시 강남구 역삼동 737 ,37.5004267,127.0367921,2025-04-30
역삼1동-11,서울특별시 강남구 테헤란로 151   (역삼동),서울특별시 강남구 역삼동 642-24 ,37.501041,127.0365449,2025-04-30
역삼1동-13,서울특별시 강남구 강남대로 470   (역삼동),서울특별시 강남구 역삼동 808 ,37.5044222,127.0249334,2025-04-30
역삼1동-14,서울특별시 강남구 강남대로 446   (역삼동),서울특별시 강남구 역삼동 814-1 ,37.5024435,127.0257832,2025-04-30
역삼1동-15,서울특별시 강남구 테헤란로 120   (역삼동),서울특별시 강남구 역삼동 824-20 ,37.4987073,127.0309652,2025-04-30
역삼1동-16,서울특별시 강남구 테헤란로 124   (역삼동),서울특별시 강남구 역삼동 823 ,37.4988157,127.0313482,2025-04-30
역삼1동-17,서울특별시 강남구 테헤란로 119   (역삼동),서울특별시 강남구 역삼동 649-14 ,37.4992051,127.0307834,2025-04-30
역삼1동-18,서울특별시 강남구 테헤란로 301   (역삼동),서울특별시 강남구 역삼동 701-2 ,37.5030223,127.0428718,2025-04-30
역삼1동-19,서울특별시 강남구 테헤란로 231   (역삼동),서울특별시 강남구 역삼동 676 ,37.5028505,127.0423361,2025-04-30
역삼1동-20,서울특별시 강남구 역삼로 124   (역삼동),서울특별시 강남구 역삼동 833-4 ,37.4938918,127.0333041,2025-04-30
역삼1동-21,서울특별시 강남구 역삼로 125   (역삼동),서울특별시 강남구 역삼동 829-15 ,37.4942601,127.0335539,2025-04-30
역삼1동-22,서울특별시 강남구 역삼로 128   (역삼동),서울특별시 강남구 역삼동 834 ,37.4940077,127.0336206,2025-04-30
역삼2동-1,서울특별시 강남구 역삼로 251   (역삼동),서울특별시 강남구 역삼동 731 ,37.4986114,127.0444358,2025-04-30
역삼2동-2,"서울특별시 강남구 역삼로 307   (역삼동, 역삼 IPARK)",서울특별시 강남구 역삼동 713-11 ,37.4988156,127.0448311,2025-04-30
역삼2동-3,"서울특별시 강남구 도곡로43길 21   (역삼동, 래미안그레이튼)",서울특별시 강남구 역삼동 762-3 ,37.4945069,127.046819,2025-04-30
역삼2동-4,서울특별시 강남구 테헤란로 202   (역삼동),서울특별시 강남구 역삼동 717 ,37.5004835,127.0373026,2025-04-30
역삼2동-5,서울특별시 강남구 도곡로 203   (역삼동),서울특별시 강남구 역삼동 788-15 ,37.4926646,127.0410255,2025-04-30
역삼2동-6,서울특별시 강남구 언주로 301   (역삼동),서울특별시 강남구 역삼동 785-13 ,37.4943576,127.0463861,2025-04-30
역삼2동-7,서울특별시 강남구 테헤란로 302   (역삼동),서울특별시 강남구 역삼동 706 ,37.5023443,127.042942,2025-04-30
역삼2동-8,서울특별시 강남구 테헤란로 242   (역삼동),서울특별시 강남구 역삼동 720-7 ,37.5022505,127.0426343,2025-04-30
역삼2동-9, ,서울특별시 강남구 역삼동 767-20 ,37.4949868,127.0484148,2025-04-30
역삼2동-11,서울특별시 강남구 언주로 337   (역삼동),서울특별시 강남구 역삼동 772 ,37.498242,127.0444849,2025-04-30
역삼2동-12,"서울특별시 강남구 언주로 322   (역삼동, 상지리츠빌)",서울특별시 강남구 역삼동 761 ,37.4967573,127.0457838,2025-04-30
역삼2동-13,"서울특별시 강남구 역삼로 306   (역삼동, 개나리 래미안)",서울특별시 강남구 역삼동 754 ,37.4984406,127.0450696,2025-04-30
역삼2동-14,서울특별시 강남구 언주로 313   (역삼동),서울특별시 강남구 역삼동 779-9 ,37.4956133,127.0457897,2025-04-30
역삼2동-15, ,서울특별시 강남구 역삼동 755-8 ,37.497844,127.0485914,2025-04-30
역삼2동-10번,서울특별시 강남구 언주로 314   (역삼동),서울특별시 강남구 역삼동 761-19 ,37.4958397,127.046289,2025-04-30
도곡1동-1,서울특별시 강남구 도곡로 194   (도곡동),서울특별시 강남구 도곡동 544-5 ,37.4921278,127.0407356,2025-04-30
도곡1동-2,서울특별시 강남구 강남대로 240   (도곡동),서울특별시 강남구 도곡동 953-1 ,37.4850323,127.0344162,2025-04-30
도곡1동-3,서울특별시 강남구 언주로 201   (도곡동),서울특별시 강남구 도곡동 168 ,37.4883891,127.0492418,2025-04-30
도곡1동-4,서울특별시 강남구 도곡로 204   (도곡동),서울특별시 강남구 도곡동 543 ,37.4922645,127.0411604,2025-04-30
도곡1동-5,서울특별시 강남구 강남대로 292   (도곡동),서울특별시 강남구 도곡동 943 ,37.4895019,127.0320287,2025-04-30
도곡1동-7, ,서울특별시 강남구 도곡동 207-16 ,37.4857379,127.0411136,2025-04-30
도곡1동-8,서울특별시 강남구 남부순환로 2737   (도곡동),서울특별시 강남구 도곡동 180-31 ,37.4864763,127.04519,2025-04-30
도곡1동-9, ,서울특별시 강남구 도곡동 산 39-3 ,37.4858583,127.0416826,2025-04-30
도곡1동-10,"서울특별시 강남구 도곡로 242   (도곡동, 삼호아파트)",서울특별시 강남구 도곡동 540 ,37.4939056,127.0465519,2025-04-30
도곡2동-1, ,서울특별시 강남구 도곡동 339-2 ,37.4906077,127.0552902,2025-04-30
도곡2동-2,서울특별시 강남구 남부순환로 지하2814   (도곡동),서울특별시 강남구 도곡동 339-2 ,37.4909122,127.0551097,2025-04-30
도곡2동-3,"서울특별시 강남구 언주로 202   (도곡동, 삼성래미안아파트)",서울특별시 강남구 도곡동 91-5 ,37.488741,127.0499398,2025-04-30
도곡2동-4,"서울특별시 강남구 언주로 123   (도곡동, 개포한신아파트)",서울특별시 강남구 도곡동 464 ,37.4879596,127.0497169,2025-04-30
도곡2동-5,서울특별시 강남구 논현로 142   (도곡동),서울특별시 강남구 도곡동 518-10 ,37.4822874,127.0430022,2025-04-30
도곡2동-6,"서울특별시 강남구 언주로30길 57   (도곡동, 타워팰리스)",서울특별시 강남구 도곡동 467-17 ,37.4895401,127.0556494,2025-04-30
도곡2동-7, ,서울특별시 강남구 도곡동 539-6 ,37.4940552,127.047072,2025-04-30
도곡2동-8,"서울특별시 강남구 선릉로 221   (도곡동, 도곡렉슬아파트)",서울특별시 강남구 도곡동 527 ,37.4947156,127.0487016,2025-04-30
도곡2동-9,"서울특별시 강남구 도곡로 320   (도곡동, 래미안도곡카운티)",서울특별시 강남구 도곡동 538-3 ,37.4950874,127.0505312,2025-04-30
도곡2동-10, ,서울특별시 강남구 도곡동 74-2 ,37.4883301,127.0500982,2025-04-30
개포1동-1,"서울특별시 강남구 언주로 110   (개포동, 경남아파트)",서울특별시 강남구 개포동 649 ,37.4830767,127.0529076,2025-04-30
개포1동-2,"서울특별시 강남구 개포로 310   (개포동, 디에이치퍼스티어아이파크)",서울특별시 강남구 개포동 660-4 ,37.4788664,127.0562301,2025-04-30
개포1동-3, ,서울특별시 강남구 개포동 659 ,37.4763133,127.0588596,2025-04-30
개포1동-4, ,서울특별시 강남구 개포동 141 ,37.479438,127.0643353,2025-04-30
개포1동-5, ,서울특별시 강남구 개포동 647-1 ,37.4845792,127.0580565,2025-04-30
개포1동-6,서울특별시 강남구 선릉로 9   (개포동),서울특별시 강남구 개포동 660-37 ,37.4818176,127.0614588,2025-04-30
개포1동-7,"서울특별시 강남구 개포로 310   (개포동, 디에이치퍼스티어아이파크)",서울특별시 강남구 개포동 660-1 ,37.4811082,127.0541062,2025-04-30
개포1동-8,서울특별시 강남구 선릉로 27   (개포동),서울특별시 강남구 개포동 660-1 ,37.4831443,127.0588713,2025-04-30
개포2동-1,서울특별시 강남구 영동대로 101   (개포동),서울특별시 강남구 개포동 184 ,37.4913398,127.0723207,2025-04-30
개포2동-2,서울특별시 강남구 삼성로 40   (개포동),서울특별시 강남구 개포동 186 ,37.4890009,127.0663833,2025-04-30
개포2동-3,서울특별시 강남구 개포로 416   (개포동),서울특별시 강남구 개포동 153 ,37.4888217,127.0659093,2025-04-30
개포2동-4, ,서울특별시 강남구 개포동 140 ,37.4809135,127.0631914,2025-04-30
개포2동-5, ,서울특별시 강남구 개포동 138 ,37.4858422,127.0673911,2025-04-30
개포2동-6, ,서울특별시 강남구 개포동 140 ,37.4819718,127.0618446,2025-04-30
개포2동-7, ,서울특별시 강남구 일원동 611-1 ,37.4913288,127.0731428,2025-04-30
개포2동-8, ,서울특별시 강남구 일원동 704-2 ,37.4890043,127.0743575,2025-04-30
개포2동-9,"서울특별시 강남구 삼성로 14   (개포동, 개포자이 프레지던스)",서울특별시 강남구 개포동 189 ,37.4861604,127.0678335,2025-04-30
개포2동-11, ,서울특별시 강남구 일원동 743-1 ,37.4861604,127.0678335,2025-04-30
개포2동-11,서울특별시 강남구 개포로 401   (개포동),서울특별시 강남구 개포동 174 ,37.4862881,127.0577163,2025-04-30
개포2동-12,"서울특별시 강남구 삼성로 14   (개포동, 개포자이 프레지던스)",서울특별시 강남구 개포동 189 ,37.4865222,127.0689654,2025-04-30
개포2동-13,서울특별시 강남구 개포로 지하522   (일원동),서울특별시 강남구 개포동 196 ,37.4885569,127.0739758,2025-04-30
개포2동-14,"서울특별시 강남구 영동대로 16   (일원동, 상록 스타힐스)",서울특별시 강남구 일원동 688 ,37.4888208,127.0744854,2025-04-30
개포2동-15, ,서울특별시 강남구 개포동 1282-3 ,37.4843789,127.0682366,2025-04-30
개포2동-16, ,서울특별시 강남구 개포동 1282-3 ,37.4842091,127.0688002,2025-04-30
개포2동-17, ,서울특별시 강남구 개포동 197-1 ,37.48662,127.0691806,2025-04-30
개포2동-18, ,서울특별시 강남구 개포동 197-1 ,37.487101,127.0706876,2025-04-30
개포3동-1,서울특별시 강남구 개포로 621   (개포동),서울특별시 강남구 개포동 14-5 ,37.4909854,127.0805517,2025-04-30
개포3동-2,서울특별시 강남구 개포로 603   (개포동),서울특별시 강남구 개포동 12-7 ,37.4916582,127.0729898,2025-04-30
개포3동-3,서울특별시 강남구 개포로 615   (개포동),서울특별시 강남구 개포동 12-4 ,37.492643,127.0759268,2025-04-30
개포3동-4, ,서울특별시 강남구 일원동 741-1 ,37.4908547,127.0806335,2025-04-30
개포3동-5,서울특별시 강남구 개포로 623   (개포동),서울특별시 강남구 개포동 13-3 ,37.4939052,127.0797127,2025-04-30
개포3동-6,"서울특별시 강남구 개포로109길 9   (개포동, 대치아파트)",서울특별시 강남구 개포동 12 ,37.4941848,127.0752154,2025-04-30
개포4동-1,"서울특별시 강남구 언주로 101   (개포동, 쌍용개포아파트)",서울특별시 강남구 개포동 655-3 ,37.4810576,127.0534934,2025-04-30
개포4동-2,서울특별시 강남구 논현로 98   (개포동),서울특별시 강남구 개포동 1239-18 ,37.4784416,127.0447401,2025-04-30
개포4동-3,"서울특별시 강남구 개포로 264   (개포동, 개포 래미안 포레스트)",서울특별시 강남구 개포동 657 ,37.480832,127.0536505,2025-04-30
개포4동-4,서울특별시 강남구 양재대로 333   (개포동),서울특별시 강남구 개포동 1163-8 ,37.4716429,127.0510604,2025-04-30
개포4동-5,서울특별시 강남구 논현로 30   (개포동),서울특별시 강남구 개포동 1192 ,37.473654,127.0490166,2025-04-30
개포4동-6,서울특별시 강남구 개포로 202   (개포동),서울특별시 강남구 개포동 1238 ,37.4782228,127.044899,2025-04-30
개포4동-7,서울특별시 강남구 개포로 263   (개포동),서울특별시 강남구 개포동 655 ,37.4805754,127.0527005,2025-04-30
개포4동-8, ,서울특별시 강남구 개포동 1282-3 ,37.4786553,127.0558522,2025-04-30
세곡동-01, ,서울특별시 강남구 세곡동 510-2 ,37.4650218,127.1012513,2025-04-30
세곡동-02,서울특별시 강남구 헌릉로 569   (세곡동),서울특별시 강남구 세곡동 581 ,37.4655611,127.1011027,2025-04-30
세곡동-03,"서울특별시 강남구 헌릉로571길 20   (세곡동, 강남엘에이치1단지)",서울특별시 강남구 세곡동 579 ,37.4654925,127.1018636,2025-04-30
세곡동-04,서울특별시 강남구 자곡로 204-3    (자곡동),서울특별시 강남구 자곡동 661 ,37.4751629,127.1061099,2025-04-30
세곡동-05,서울특별시 강남구 헌릉로637길 22   (세곡동),서울특별시 강남구 세곡동 103-3 ,37.4649601,127.1086045,2025-04-30
세곡동-06,서울특별시 강남구 밤고개로34길 4   (세곡동),서울특별시 강남구 세곡동 124-2 ,37.4645241,127.1078063,2025-04-30
세곡동-07,서울특별시 강남구 헌릉로 623   (세곡동),서울특별시 강남구 세곡동 120-9 ,37.4649626,127.1078702,2025-04-30
세곡동-08, ,서울특별시 강남구 세곡동 138-4 ,37.4645579,127.1086317,2025-04-30
세곡동-09,"서울특별시 강남구 자곡로 260   (자곡동, 강남한양수자인아파트)",서울특별시 강남구 자곡동 56-1 ,37.4779279,127.1142735,2025-04-30
세곡동-10,"서울특별시 강남구 자곡로 175   (자곡동, 강남자곡아이파크)",서울특별시 강남구 자곡동 602 ,37.4736645,127.1023021,2025-04-30
세곡동-11,"서울특별시 강남구 자곡로3길 22   (자곡동, 강남 에버시움)",서울특별시 강남구 자곡동 621 ,37.4709687,127.0921472,2025-04-30
세곡동-12,"서울특별시 강남구 자곡로3길 21   (자곡동, 강남자곡 힐스테이트)",서울특별시 강남구 자곡동 619 ,37.4695321,127.0915785,2025-04-30
세곡동-13, ,서울특별시 강남구 자곡동 46-8 ,37.4780897,127.1146333,2025-04-30
세곡동-14,서울특별시 강남구 자곡로7길 12-1    (자곡동),서울특별시 강남구 자곡동 447-11 ,37.473009,127.0998678,2025-04-30
세곡동-15,서울특별시 강남구 자곡로7길 12-14    (자곡동),서울특별시 강남구 자곡동 440-81 ,37.4730448,127.1002254,2025-04-30
세곡동-16,"서울특별시 강남구 자곡로 154   (자곡동, 엘에이치강남8단지)",서울특별시 강남구 자곡동 646 ,37.4725986,127.1003337,2025-04-30
세곡동-17, ,서울특별시 강남구 자곡동 48-14 ,37.4769218,127.1149508,2025-04-30
세곡동-18,"서울특별시 강남구 자곡로 21   (세곡동, 세곡푸르지오)",서울특별시 강남구 세곡동 533 ,37.4671667,127.0940839,2025-04-30
세곡동-19,"서울특별시 강남구 자곡로 36   (세곡동, 강남 효성해링턴 코트)",서울특별시 강남구 세곡동 541 ,37.4672986,127.0943415,2025-04-30
세곡동-20, ,서울특별시 강남구 자곡동 56-108 ,37.4753535,127.1065244,2025-04-30
세곡동-21,"서울특별시 강남구 자곡로 101   (자곡동, 래미안 강남힐즈)",서울특별시 강남구 자곡동 611 ,37.472483,127.0958743,2025-04-30
세곡동-22, ,서울특별시 강남구 율현동 66-1 ,37.4742407,127.1167245,2025-04-30
세곡동-23, ,서울특별시 강남구 율현동 67-1 ,37.4745656,127.1165032,2025-04-30
세곡동-24,서울특별시 강남구 밤고개로 206   (자곡동),서울특별시 강남구 자곡동 591 ,37.4757708,127.1059996,2025-04-30
세곡동-25,서울특별시 강남구 자곡로 120   (자곡동),서울특별시 강남구 자곡동 638 ,37.4721862,127.0964104,2025-04-30
세곡동-26,서울특별시 강남구 자곡로 120   (자곡동),서울특별시 강남구 자곡동 638 ,37.4725108,127.0963694,2025-04-30
세곡동-27,서울특별시 강남구 자곡로 150   (자곡동),서울특별시 강남구 자곡동 642 ,37.4725861,127.0999846,2025-04-30
세곡동-28,서울특별시 강남구 밤고개로21길 15   (자곡동),서울특별시 강남구 자곡동 361-2 ,37.4735696,127.1073159,2025-04-30
세곡동-29,서울특별시 강남구 밤고개로21길 15   (자곡동),서울특별시 강남구 자곡동 361-2 ,37.4730051,127.1066908,2025-04-30
세곡동-30,"서울특별시 강남구 자곡로 175   (자곡동, 강남자곡아이파크)",서울특별시 강남구 자곡동 602 ,37.4738605,127.1025023,2025-04-30
세곡동-31,서울특별시 강남구 밤고개로 254   (율현동),서울특별시 강남구 율현동 293 ,37.4713393,127.1071152,2025-04-30
세곡동-32,서울특별시 강남구 밤고개로 254   (율현동),서울특별시 강남구 율현동 293 ,37.4714454,127.1075563,2025-04-30
세곡동-33,서울특별시 강남구 밤고개로 254   (율현동),서울특별시 강남구 율현동 293 ,37.4717138,127.1075126,2025-04-30
세곡동-34,서울특별시 강남구 밤고개로21길 15   (자곡동),서울특별시 강남구 자곡동 361-2 ,37.474139,127.1089427,2025-04-30
세곡동-35, ,서울특별시 강남구 율현동 277-15 ,37.4689487,127.1077716,2025-04-30
세곡동-36, ,서울특별시 강남구 율현동 272-4 ,37.469102,127.1082759,2025-04-30
세곡동-37, ,서울특별시 강남구 자곡동 92 ,37.4743642,127.109338,2025-04-30
세곡동-40, ,서울특별시 강남구 자곡동 114-1 ,37.4769527,127.1099925,2025-04-30
세곡동-41, ,서울특별시 강남구 자곡동 100-1 ,37.4765908,127.1084851,2025-04-30
세곡동-42, ,서울특별시 강남구 세곡동 623 ,37.4669306,127.1015489,2025-04-30
일원본동-1, ,서울특별시 강남구 일원동 702 ,37.4906376,127.0876793,2025-04-30
일원본동-2,"서울특별시 강남구 광평로19길 10   (수서동, 까치마을아파트)",서울특별시 강남구 수서동 746 ,37.4839535,127.0867431,2025-04-30
일원본동-3,서울특별시 강남구 광평로20길 7   (수서동),서울특별시 강남구 수서동 750 ,37.4835698,127.0868323,2025-04-30
일원본동-4,서울특별시 강남구 일원로 115   (일원동),서울특별시 강남구 일원동 717 ,37.4835411,127.0839669,2025-04-30
일원본동-5,"서울특별시 강남구 일원로14길 25   (일원동, 푸른마을아파트)",서울특별시 강남구 일원동 719 ,37.4829277,127.0799655,2025-04-30
일원본동-6,서울특별시 강남구 광평로 196   (수서동),서울특별시 강남구 수서동 754 ,37.4841414,127.0943661,2025-04-30
일원본동-7,서울특별시 강남구 일원로 81   (일원동),서울특별시 강남구 일원동 50 ,37.4869743,127.0829075,2025-04-30
일원본동-8,서울특별시 강남구 광평로31길 74   (수서동),서울특별시 강남구 수서동 745 ,37.4857284,127.087338,2025-04-30
일원1동-1, ,서울특별시 강남구 일원동 84-1 ,37.4956253,127.0860982,2025-04-30
일원1동-2,서울특별시 강남구 일원로 7   (일원동),서울특별시 강남구 일원동 618 ,37.493568,127.0798215,2025-04-30
수서동-1,서울특별시 강남구 광평로 지하270   (수서동),서울특별시 강남구 수서동 740 ,37.4875228,127.1009628,2025-04-30
수서동-2,서울특별시 강남구 밤고개로 76-2    (수서동),서울특별시 강남구 수서동 728 ,37.4882578,127.1005796,2025-04-30
수서동-3, ,서울특별시 강남구 수서동 735 ,37.4885794,127.0999111,2025-04-30
수서동-4, ,서울특별시 강남구 수서동 206-2 ,37.4865411,127.1025366,2025-04-30
수서동-5,서울특별시 강남구 밤고개로 76-2    (수서동),서울특별시 강남구 수서동 728 ,37.4888956,127.0999802,2025-04-30
수서동-6, ,서울특별시 강남구 수서동 206-1 ,37.4847599,127.1042848,2025-04-30
수서동-7,서울특별시 강남구 밤고개로1길 10   (수서동),서울특별시 강남구 수서동 713 ,37.4876319,127.1018758,2025-04-30
수서동-8,서울특별시 강남구 광평로 지하270   (수서동),서울특별시 강남구 수서동 728 ,37.4871501,127.1015784,2025-04-30
수서동-10,"서울특별시 강남구 광평로39길 3   (수서동, 동익아파트)",서울특별시 강남구 수서동 738 ,37.4853221,127.0965128,2025-04-30
수서동-9(철거), ,서울특별시 강남구 수서동 203-22 ,37.4908547,127.0759268,2025-04-30
